{"Mycie": 0.1724137931034483, "Serum na dzie\u0144": 0.2222222222222222, "Krem na dzie\u0144": 0.1685823754789272, "SPF": 0.31724137931034485, "Serum na noc": 0.31494252873563217, "Krem na noc": 0.1425287356321839, "Punktowo": 0.4114942528735632, "Maseczka": 0.3057471264367816, "Peeling": 0.31340996168582375}