{"Mycie": 0.17471264367816092, "Serum na dzie\u0144": 0.23524904214559386, "Krem na dzie\u0144": 0.18850574712643678, "SPF": 0.30114942528735633, "Serum na noc": 0.3065134099616858, "Krem na noc": 0.1471264367816092, "Punktowo": 0.4421455938697318, "Maseczka": 0.3088122605363985, "Peeling": 0.32567049808429116}