{"Mycie": 0.18084291187739462, "Serum na dzie\u0144": 0.22375478927203066, "Krem na dzie\u0144": 0.17701149425287357, "SPF": 0.30191570881226054, "Serum na noc": 0.2996168582375479, "Krem na noc": 0.16168582375478927, "Punktowo": 0.4467432950191571, "Maseczka": 0.32950191570881227, "Peeling": 0.3333333333333333}