{"Mycie": 0.17624521072796934, "Serum na dzie\u0144": 0.2168582375478927, "Krem na dzie\u0144": 0.1846743295019157, "SPF": 0.31494252873563217, "Serum na noc": 0.29118773946360155, "Krem na noc": 0.14329501915708812, "Punktowo": 0.42528735632183906, "Maseczka": 0.30114942528735633, "Peeling": 0.3264367816091954}