{"Mycie": 0.1793103448275862, "Serum na dzie\u0144": 0.22758620689655173, "Krem na dzie\u0144": 0.1578544061302682, "SPF": 0.30727969348659, "Serum na noc": 0.3226053639846743, "Krem na noc": 0.14636015325670498, "Punktowo": 0.4421455938697318, "Maseczka": 0.30344827586206896, "Peeling": 0.3302681992337165}